Name,Height (cm),Grade,Gender,Resident Number,Weight (kg)
Student_1,163.78428272433754,11,Female,990124-2356661,47.90268540772311
Student_2,169.77942158427817,9,Female,800614-2368102,63.56263883259496
Student_3,150.17290543111514,7,Female,950221-1633469,88.88598506158525
Student_4,174.45361825014118,9,Female,821128-2726472,51.50188007512817
Student_5,187.40887406200653,9,Female,950319-1954823,78.60801490759228
Student_6,157.6006323949437,2,Female,851219-1815670,55.74094048033585
Student_7,162.03811520091628,3,Female,890524-2469991,60.78181987675599
Student_8,154.69381523842168,7,Male,940518-1279038,60.728599612723315
Student_9,160.07471126777278,3,Female,941012-2673658,58.75336671020543
Student_10,172.0102241984137,3,Female,850103-2361020,53.102045061063905
Student_11,168.88925574248054,11,Male,821028-2617989,84.09038688483665
Student_12,166.37924514385512,12,Female,870726-1419643,66.33841842336102
Student_13,162.60445753135286,10,Female,960828-1813633,49.28309454863431
Student_14,178.87674185102946,1,Male,920910-2473901,69.79360958667178
Student_15,169.2536212294155,7,Female,961017-2221435,70.03514779048884
Student_16,167.7375756607563,7,Male,860117-2487130,61.71289618286252
Student_17,184.30884531780455,3,Male,921020-1619298,47.16852859852415
Student_18,189.901475148818,11,Female,871110-1945322,78.8321718415064
Student_19,161.83641830244977,6,Female,890724-1850966,85.40876925029275
Student_20,154.13268453895162,4,Female,921215-2469458,79.91877520085767
Student_21,166.78332456737405,8,Male,870419-1349270,51.31108456909982
Student_22,177.29031416025867,10,Male,880228-1307641,53.00174284406206
Student_23,185.8597085106291,5,Female,911108-2995641,77.35384198194748
Student_24,155.46978358865445,10,Male,930910-1521406,59.60295788149536
Student_25,185.63070434512457,7,Male,990519-1915458,57.64644844737699
Student_26,188.9697035107809,8,Male,810302-1768602,79.01842154651044
Student_27,151.32973608203065,7,Female,960127-2350028,52.23174638347102
Student_28,181.7849096004384,12,Female,960808-1806044,72.71705263655868
Student_29,184.67003907278013,10,Female,900904-2640106,74.20622608737114
Student_30,180.03758722053988,11,Male,930917-2474519,51.94724650826764
Student_31,170.82343802699162,1,Female,850821-1272588,48.407517147889074
Student_32,182.97506313012633,2,Female,830502-1703580,47.20723980849705
Student_33,181.49806580114972,5,Female,980704-2777555,63.19614294283862
Student_34,155.9346759509844,1,Male,940622-2221522,56.2100273773156
Student_35,166.81847613759655,12,Female,970114-2615223,47.78704781430724
Student_36,154.5391114176346,8,Male,810308-1640189,66.92243806670898
Student_37,150.9998714495187,6,Male,910222-1630054,46.72565869384295
Student_38,157.70615587625284,7,Female,971102-1801379,62.36354575630351
Student_39,187.0296686313307,10,Female,800710-2949774,66.80927535059755
Student_40,158.09310474967472,1,Male,941007-1137392,65.80841734423265
Student_41,152.9321838038682,8,Male,910413-2718621,50.66268469336094
Student_42,182.47166327659204,10,Male,891005-2018278,87.28066632286118
Student_43,169.4574761258512,12,Male,860807-1679989,75.01775922794037
Student_44,187.24710994209707,6,Female,981211-2138516,50.31593580298522
Student_45,153.04873300943282,8,Male,850314-1657596,56.01972001932103
Student_46,152.5253000887937,1,Female,950322-2713450,78.08640655144673
Student_47,177.14151257803067,2,Male,961008-1922536,74.78079460052014
Student_48,179.46102189879372,4,Male,991126-2406693,73.17973176120724
Student_49,160.302963648795,12,Male,851120-2133908,46.37907890467483
Student_50,173.87136558400516,7,Female,951104-1394383,76.6385647526482
Student_51,185.41667415957812,8,Female,801210-2180966,53.61415254049033
Student_52,171.56086304563448,4,Female,950827-2416714,71.83713080596321
Student_53,169.78876836909808,5,Female,900325-1015236,89.13382552752424
Student_54,172.03782288001673,1,Male,801208-1952570,51.659742376433925
Student_55,159.4362259992372,4,Male,980109-2278409,78.78668224651926
Student_56,152.03124839726794,2,Female,950220-1157734,57.09791113641214
Student_57,164.72724616808722,10,Female,910728-1810548,61.01595937737444
Student_58,186.65126496416227,1,Female,800205-1450908,88.74602454508265
Student_59,175.2105069863281,2,Male,880513-2042942,48.341813730915405
Student_60,156.75576110415753,6,Male,830827-2158070,56.40526092987142
Student_61,160.48325614573537,9,Male,840304-1840013,68.87587685495788
Student_62,185.62970584316605,8,Male,870209-2059973,53.67364297902867
Student_63,155.2681923948723,2,Male,940508-1221613,47.48554214692188
Student_64,157.35228093514408,11,Female,831014-2985603,54.64590662552337
Student_65,165.92679365216313,2,Female,850814-2326440,46.611547929278515
Student_66,155.13476726518874,11,Male,980324-2142016,88.76470331389649
Student_67,183.38212135271056,11,Female,881104-2357836,63.37820444867171
Student_68,161.45240628251395,1,Male,910307-1359103,87.87671327953913
Student_69,189.55307635570216,1,Male,880908-2419911,64.74612794145214
Student_70,173.76129096408073,9,Male,991116-1104861,80.8861280432102
Student_71,160.15159869439938,9,Female,821021-1500522,80.4898057796675
Student_72,188.56335970171676,3,Male,900214-2481286,58.54769869035158
Student_73,177.67251138698595,5,Female,880628-2389543,60.16027732121354
Student_74,151.93517708793735,8,Male,860716-2221122,77.87655581273071
Student_75,174.57047959726358,6,Female,841015-1267152,46.744225143011406
Student_76,157.08901480710654,1,Male,870318-1192908,46.819878820334054
Student_77,166.2796403045919,10,Female,950206-1809876,55.22120433927706
Student_78,187.4065435976948,12,Female,841017-1271274,87.62705865022033
Student_79,157.99333183245034,12,Male,990822-2469334,71.282165082282
Student_80,159.99473292012797,6,Female,951001-2121759,72.84910215258735
Student_81,150.33821757074202,12,Female,821023-2960818,53.13059601815982
Student_82,177.54389859013864,4,Male,910126-1125451,87.75436159089628
Student_83,164.04451395997708,7,Female,930920-2671848,86.8448845636918
Student_84,180.74554923565682,7,Female,870728-2006426,84.7143846141559
Student_85,157.9639751398603,2,Male,800207-2592897,48.995786592087164
Student_86,154.30576817553427,2,Male,830526-1703265,54.20814322659038
Student_87,181.08741466266716,12,Male,990825-1796878,56.85464632843463
Student_88,177.14725932060705,12,Female,930207-1272648,56.43457591303901
Student_89,185.43355351272248,12,Male,811124-2812892,63.19928681825884
Student_90,177.62350857476818,3,Male,951027-2156224,89.93968828056461
Student_91,185.6178437760617,11,Female,950328-2008595,55.09669368391344
Student_92,162.75760769988742,1,Male,950828-2649184,75.07704152937819
Student_93,181.506443294187,8,Female,820220-2337516,77.92822184629075
Student_94,151.07947214551623,10,Male,860802-1508720,51.46678156871452
Student_95,151.80950722290993,7,Female,830224-1018138,77.68994689028753
Student_96,153.4325399240032,5,Male,880515-2440202,49.284488191869066
Student_97,170.71747326612234,10,Female,990714-1815264,73.85738986813193
Student_98,181.11968898792182,9,Female,881204-2764585,84.1386092767416
Student_99,159.88226507670362,3,Female,931001-2074282,88.96317565250848
Student_100,188.88099100836322,10,Female,910209-1147267,76.19252089298804
Student_101,182.05014179737788,10,Female,940402-2626670,77.6568330119812
Student_102,158.07150935531917,2,Male,921118-1296749,69.74548268090217
Student_103,159.10449443454195,7,Male,901015-1750767,77.5752696199927
Student_104,186.72432093148245,7,Male,941124-1700680,49.93679932714713
Student_105,160.98603369494828,11,Female,980827-1943399,85.51085054540076
Student_106,178.15111690009698,6,Male,881224-1560683,66.6776040626574
Student_107,153.0672067589498,6,Female,880924-1668771,64.6306100932614
Student_108,179.61090301510842,11,Female,850523-1979414,69.96982117537705
Student_109,182.01601658423942,2,Female,880517-2881796,74.49445566720425
Student_110,164.41785690143894,1,Male,880124-2994305,65.20520693904784
Student_111,170.49872121308718,5,Female,880716-2029424,75.69630922691968
Student_112,182.86606789482303,10,Female,950119-2659813,50.174616510336286
Student_113,171.927796668506,11,Female,970719-2269935,69.86701842288998
Student_114,172.12781367323552,1,Female,901020-1992197,84.8157387321618
Student_115,161.0568033596462,6,Male,820820-1673547,88.71664671323433
Student_116,188.00099274764523,12,Male,920303-1157350,60.952129339873736
Student_117,183.62972707288694,12,Female,920307-2116597,84.77788851124143
Student_118,165.5001388215391,2,Male,810715-1210712,55.54134164419314
Student_119,177.0453482515771,8,Male,830912-1112163,84.71545021656371
Student_120,163.23781588555005,1,Female,811221-1128433,45.811881633891026
Student_121,172.65789713088867,5,Female,890309-2339901,77.79386399574119
Student_122,178.39312043455277,2,Female,900301-1303216,84.24794996823215
Student_123,185.0291033022171,11,Male,910628-2359062,60.61144692718182
Student_124,161.59674424201822,8,Female,970509-1174995,55.04968259843643
Student_125,170.5824046141162,9,Female,811019-2101160,81.81199394575981
Student_126,166.19463369125074,6,Female,801011-2969368,46.56390018355612
Student_127,151.81431213266467,2,Female,960912-1891373,61.35677786363321
Student_128,182.42137512884574,2,Female,990918-2678099,86.58927801927874
Student_129,172.09600954346024,11,Male,940921-2142493,81.53346495675359
Student_130,168.14770724926927,1,Female,850825-1747981,62.4365717472236
Student_131,153.3079397777675,10,Male,961023-2317138,76.09135445527471
Student_132,188.56079194814157,3,Female,851202-2579840,76.69485599085678
Student_133,177.37206090768075,10,Male,931121-2645026,73.52378875089431
Student_134,153.91624784775826,8,Male,980721-1429452,57.17290059976514
Student_135,172.63322822377143,2,Female,820706-1684958,54.223318094339795
Student_136,179.110252783361,7,Male,860815-1973262,80.42555720918331
Student_137,184.35003024486528,2,Female,840918-1644977,68.16152796854755
Student_138,160.4912578599635,5,Male,880406-2350123,56.38831669086398
Student_139,151.10565520649027,2,Female,981013-1449380,50.62936420242542
Student_140,164.43537774343213,11,Female,840907-2551858,80.8666276309028
Student_141,180.85137720906047,7,Male,940814-1831692,79.85288839557157
Student_142,155.7243542121724,7,Male,981027-1198712,61.320747635142894
Student_143,153.0233693803272,12,Female,870412-1468571,51.67075296846121
Student_144,186.164100492739,12,Male,821006-1759172,55.96886672879485
Student_145,170.22407472561352,2,Male,870913-2811083,66.74138562847833
Student_146,156.54312583065067,6,Female,991022-1098888,48.801766415846274
Student_147,180.35312176906635,7,Male,860516-1367636,89.05808229302033
Student_148,154.71387320804732,10,Male,881106-1225484,67.96721892281789
Student_149,155.24946647470807,11,Female,981128-1728990,72.16631670748305
Student_150,188.99510442515702,8,Male,840503-2699780,88.6323317762178
Student_151,156.58140452825853,6,Female,960723-2033069,73.91327407572157
Student_152,165.7973120788824,4,Female,810320-1779405,68.34161408535718
Student_153,181.21970594184097,8,Female,830214-1507606,73.33997086980737
Student_154,179.76551696802613,6,Male,880501-2419838,54.47185464924305
Student_155,177.6785840082991,3,Female,830420-1193747,78.17523226555767
Student_156,154.64201612902244,11,Female,880811-1852796,78.3764899035553
Student_157,158.5445171708493,2,Male,830522-2382309,49.997236486476076
Student_158,161.59923620809946,5,Female,870412-2690720,49.977503129178935
Student_159,152.65396088942583,3,Female,900911-1970865,58.297252869433606
Student_160,157.88778189365334,9,Female,911009-1427805,86.9580825955817
Student_161,162.5824532656224,6,Male,900823-1672070,86.51088417395869
Student_162,179.1215215430692,3,Female,840918-2649624,75.71807564393306
Student_163,164.07979979370225,12,Female,940918-1953508,53.428575707830504
Student_164,153.3335265649563,11,Male,911119-1752990,46.48151949734308
Student_165,160.71945647872118,6,Male,820904-2445458,53.173877247092726
Student_166,166.4001805528153,9,Male,821128-2540818,47.76133516457558
Student_167,182.2253457068526,6,Female,970418-2150227,88.81152430755986
Student_168,154.08501685171476,9,Male,810524-1814713,85.06206954768638
Student_169,166.24438061581003,3,Male,840625-2521012,86.36400960682357
Student_170,179.14292278236326,2,Female,830112-2882452,66.52199172091994
Student_171,156.47168148673543,6,Female,910814-2210750,65.13002617503194
Student_172,170.68802785065986,6,Male,900201-1447040,69.32165839257763
Student_173,154.71582109199625,3,Female,921123-1253205,60.87794920872503
Student_174,182.5768948973332,3,Male,860928-2777431,83.26957494123172
Student_175,151.45993547654524,4,Male,981018-1818347,56.17373792150474
Student_176,180.8915831291776,4,Male,900813-1877650,83.48354432410414
Student_177,184.00669459790055,1,Female,931115-1357113,69.82860902227685
Student_178,160.71112370925712,4,Male,990707-2640801,88.46573534320926
Student_179,170.05270606393194,7,Female,870623-1156229,84.14215320549422
Student_180,176.70380019475644,1,Male,890606-2848529,72.37770680210642
Student_181,189.44957893295333,1,Male,860722-2374107,88.13679297775073
Student_182,183.40855594076402,8,Female,900320-2867613,79.04697554911162
Student_183,171.4553679627858,4,Male,970817-1384963,67.57965194830815
Student_184,179.2744079495738,4,Male,811227-1262995,55.818244163200504
Student_185,170.55090263449827,4,Male,900512-1962508,55.31424181506928
Student_186,154.4362266822206,8,Male,900722-2901827,68.6142831486292
Student_187,152.99417116723825,4,Male,840520-1734023,46.90089913034253
Student_188,152.12544120604773,4,Male,881216-1303610,46.04845448101721
Student_189,182.4430352614173,4,Male,910621-1518367,62.43204643015402
Student_190,183.57513733633348,8,Male,960214-1444398,75.2751183702651
Student_191,154.22462010575356,10,Female,930116-2720274,64.53173894457788
Student_192,173.02986426585127,2,Female,910820-2062737,53.318250652517705
Student_193,187.55991697342682,8,Male,810124-2768582,83.97567594761415
Student_194,155.47787742064486,8,Female,930521-2883910,79.3715868091136
Student_195,184.57086710083973,10,Female,900725-2652058,71.50302929267448
Student_196,182.40182234912112,7,Male,841103-1015848,85.7641746303344
Student_197,164.53905046748352,10,Female,830904-1322308,73.18802739426752
Student_198,189.37001584986763,6,Male,950117-1160884,56.775625438193174
Student_199,163.17707141898026,8,Female,861119-2783573,51.35850182727175
Student_200,152.29674474004977,1,Female,800901-2160191,63.67390151667036
Student_201,154.7737177645143,2,Male,960923-2763687,80.25612889544004
Student_202,154.11362904318557,10,Male,990120-1849277,80.94074962468025
Student_203,160.9191249459828,7,Female,961019-1249255,89.21193069475311
Student_204,169.2741017059067,7,Female,941111-1094675,85.17489743199008
Student_205,175.60602344738052,3,Female,870507-2372401,84.50604059443052
Student_206,162.24750969097158,7,Female,921226-2050272,46.08023534101875
Student_207,150.80549349639554,7,Male,810117-1745153,62.44509941398567
Student_208,181.50132608514275,10,Female,950315-1359272,86.8038668654331
Student_209,172.13277882277018,6,Male,900606-2280881,62.92738292083958
Student_210,157.65103364441933,9,Female,830107-1448917,80.25390164696384
Student_211,162.4774195889211,1,Male,910707-2095522,83.00188029192404
Student_212,172.25422496053596,9,Male,980905-2291327,72.86343849174239
Student_213,187.36534738555264,10,Female,880508-2910991,85.8806309169592
Student_214,181.2825741916219,11,Male,880720-1364624,70.57258340523266
Student_215,170.23786006169246,7,Female,911124-2966078,82.14952113841713
Student_216,163.8976043209832,1,Male,830705-2962571,53.051434251624855
Student_217,185.40596511489926,11,Female,941103-1356927,55.98481282965647
Student_218,184.4302833353505,5,Male,810608-1824474,79.43498487817098
Student_219,161.34102045630462,8,Female,920210-2050924,75.56533776970048
Student_220,161.2566749802792,2,Female,930904-1988417,51.007739858396285
Student_221,155.16590405347432,2,Male,800926-1638392,52.59434258741533
Student_222,159.78930111357388,2,Female,860406-1173900,61.37685153138539
Student_223,161.99131049377092,6,Female,850828-1670820,78.14248530326458
Student_224,158.7484883104636,5,Female,880521-1607295,80.99893740689163
Student_225,162.56212042994522,2,Female,950615-2428489,75.93462876937994
Student_226,155.97741498240663,11,Female,950413-1570524,61.098468816927465
Student_227,157.4580027700745,10,Female,860408-1241662,57.948163514017686
Student_228,156.32614035510534,10,Male,950208-1550840,81.49091500219004
Student_229,156.77242182197645,11,Male,941222-2861884,86.19733575298471
Student_230,152.07590877786248,6,Female,991213-1621919,85.25470566090446
Student_231,157.07278115465888,4,Female,810918-1408198,76.87941516502616
Student_232,153.04227052294428,10,Female,870418-2099515,78.77330741720922
Student_233,174.2980440624896,2,Male,900902-2289498,88.82696256418278
Student_234,167.90760195382236,6,Female,880417-1714235,83.4453141856613
Student_235,166.7178549089907,9,Female,851203-2492141,86.28345362343723
Student_236,151.41821626703742,10,Male,950517-2778332,51.82895764329397
Student_237,188.07980635815045,1,Female,990911-1266174,65.18338713505403
Student_238,187.85495804491038,2,Female,841213-1338468,85.81654503754268
Student_239,166.5759171327236,8,Male,951020-2457123,78.04221665457553
Student_240,169.38830919841084,5,Female,830211-2362151,68.32948844765754
Student_241,188.30391027298253,2,Female,920801-2179991,75.66344370666067
Student_242,181.78938002440088,6,Male,920522-1824373,79.98739480776042
Student_243,171.10807881560075,12,Male,940109-2307490,82.10811876576776
Student_244,159.10603417164901,8,Male,890225-2842620,72.11668241777281
Student_245,166.73101401913652,6,Female,900512-2651694,69.13888267684523
Student_246,183.75895956437907,12,Male,840119-2844016,68.43945505710379
Student_247,150.34699372161717,10,Female,900407-2107015,88.91503668837476
Student_248,160.09071994696558,6,Female,930407-2921950,76.93529033950408
Student_249,167.3074568646353,11,Female,921221-1807017,51.60269033383964
Student_250,174.1162251487166,10,Male,980924-2523931,70.42898056213869
Student_251,187.60082414773655,1,Male,820423-1878478,83.38647466487168
Student_252,182.05366804500244,6,Male,961023-1326132,48.919127528902166
Student_253,155.5514993025715,11,Male,821006-2106749,84.68869358580608
Student_254,167.26365826745985,1,Female,870818-1963487,81.78487555347661
Student_255,155.27972070806118,12,Female,910309-2827560,80.569095400685
Student_256,188.56053469769535,8,Female,880426-2757564,81.24796572711844
Student_257,162.05543617781836,11,Male,860905-2709468,59.53105692891083
Student_258,184.50082956470692,5,Male,870608-2796796,88.62609860229051
Student_259,174.30387888412724,3,Female,990918-2703386,50.193557699274145
Student_260,160.59286246370635,1,Male,820827-2623902,50.548913444921475
Student_261,153.45728138571815,7,Female,881020-1748657,65.22999748478254
Student_262,184.29498856376833,11,Female,980222-2110558,60.12471792243483
Student_263,165.42453508968885,8,Male,830803-2648642,61.00500667991574
Student_264,189.30931964409305,9,Female,830527-2364961,66.43089930636947
Student_265,164.72275697427452,9,Female,811028-2781844,47.54844796014846
Student_266,176.97239697204066,4,Female,920328-1477598,61.678896435425784
Student_267,152.81345203374997,3,Female,910623-2441662,65.67195142847956
Student_268,185.45762532858225,4,Male,800916-2044622,58.199593320384494
Student_269,174.30360276915917,6,Female,950403-2285673,78.27881769935266
Student_270,173.91145011644454,3,Male,930704-1446341,58.29453126601529
Student_271,154.34494554475003,12,Female,940703-2045878,71.97179911126082
Student_272,171.660068849204,5,Male,961020-1437388,60.3973249856105
Student_273,187.17678921056967,2,Male,980827-1690362,84.49210430437222
Student_274,184.82994776363697,8,Male,970127-1233652,52.47614426742821
Student_275,162.2639747879856,7,Male,940103-2850805,65.46528020011236
Student_276,151.25084650079728,3,Female,890924-2022919,78.57286400060298
Student_277,174.42416222554323,3,Male,911211-2036275,67.84865046167566
Student_278,189.35543960596615,12,Female,871010-1455863,54.77749204545956
Student_279,157.66985348770945,7,Male,810806-2989233,45.18431365573216
Student_280,157.70812338157896,6,Male,961208-1871560,84.86800980331549
Student_281,186.98240560043448,5,Male,900911-2727661,49.488816289081846
Student_282,187.12398838005805,7,Male,980806-2282480,57.8881707557056
Student_283,152.53614350712084,10,Female,991207-1537010,58.562868717157194
Student_284,158.67926773639772,2,Female,940118-2842291,69.64112817402383
Student_285,173.05487339121652,5,Male,980305-2023234,87.1738839029927
Student_286,163.8566292476251,1,Male,920815-2296094,82.05383285435143
Student_287,164.08877693834683,2,Male,890222-1777477,50.59852604103854
Student_288,174.31056614476446,3,Male,891212-1229794,50.85645094098942
Student_289,153.61013853818807,4,Male,830107-1310985,84.46684209980191
Student_290,183.21891605897525,8,Female,930822-1852264,59.318840406923606
Student_291,164.5296507242451,7,Female,971001-2977678,47.21991298412088
Student_292,165.85934117996518,9,Female,890612-1880154,83.55330714736473
Student_293,175.97706021156102,4,Male,840326-2054586,84.98514967100516
Student_294,162.26355565114238,7,Female,940913-1154549,89.00225247586486
Student_295,170.20720741982353,4,Male,801027-1725917,70.7606277704249
Student_296,161.5586456514327,7,Male,800202-1556278,78.05811531026848
Student_297,179.4744646468777,4,Female,800615-1649134,55.3746473792727
Student_298,167.42509480210742,11,Male,890914-1804075,70.59345325974783
Student_299,159.82165483175228,6,Male,900911-2907650,81.2805158725961
Student_300,175.858644848254,4,Male,820102-2663327,67.48773528329552
Student_301,162.42678626028027,5,Female,810308-1001713,55.540811357883236
Student_302,167.70681464742526,8,Male,910716-1572045,75.46536055823418
Student_303,185.14963023419912,5,Male,871212-2327610,80.48495398431322
Student_304,173.30781000065443,11,Male,840412-1968259,86.38874823397225
Student_305,176.79044970236987,11,Female,920319-1400705,62.787475579605754
Student_306,159.73167331407157,9,Male,821012-2887477,83.04075708855034
Student_307,186.21566335731163,7,Female,800223-2328667,47.03846721628111
Student_308,168.87317228875918,1,Female,830826-1271757,86.7775669814063
Student_309,189.47763924019924,1,Female,840802-1890395,87.34833024430301
Student_310,183.19072684035368,2,Female,801007-1898940,87.81090736236733
Student_311,179.3528430528843,5,Female,830511-2176100,71.93345355506729
Student_312,183.29848799158145,12,Male,960817-2033022,46.653209371792755
Student_313,179.88377452702633,9,Male,850322-2331583,88.17288364752031
Student_314,162.53640354919287,10,Female,871114-2924988,59.03085837670591
Student_315,186.0714013891327,10,Male,960609-2354297,89.84533618418595
Student_316,186.6781782134006,5,Male,810812-1449044,54.000700245989854
Student_317,186.19157441911068,5,Female,911017-2378509,87.6967547101564
Student_318,161.95246162992564,12,Female,820227-2684304,47.138152539543455
Student_319,165.03395039359458,7,Male,810505-1740232,69.6826537645538
Student_320,174.85029083052072,3,Male,831205-2163951,60.96170578298317
Student_321,188.00516105124524,3,Male,870619-2039113,86.06401781136466
Student_322,152.59320195190512,12,Male,870327-2407873,73.03585558162332
Student_323,165.46149417771767,5,Male,861110-1934569,51.0663691421101
Student_324,172.51250055117748,10,Male,810424-2144674,83.00482039780802
Student_325,153.54943375636233,5,Male,980416-2654882,76.72447246008322
Student_326,164.63195373018127,9,Female,800918-1150811,51.7171027064866
Student_327,171.98255492992354,8,Male,860924-1201162,69.77948872164298
Student_328,152.29211392813286,6,Male,950608-1237140,64.05419489963089
Student_329,162.41834325843416,10,Male,960812-1347856,52.36343908795095
Student_330,175.1712317385404,12,Male,810927-2919225,78.67890319052486
Student_331,152.56686211068566,5,Female,970406-2558205,63.511914898922846
Student_332,186.70670974617656,5,Male,990724-1690867,72.50984609195982
Student_333,186.61457687518663,5,Female,861012-2616660,77.64381544295601
Student_334,157.05045864440928,9,Female,960820-1083656,64.45959964617765
Student_335,165.6269972115019,6,Male,981202-2122827,55.28612265515782
Student_336,168.5458812639533,5,Male,930617-2185598,79.14206034500103
Student_337,155.63912699579816,11,Male,801006-1298885,71.25358744158747
Student_338,180.21594828907192,7,Male,800725-2252178,51.36743394318478
Student_339,154.8582809425174,3,Female,950315-2493103,82.69415534530725
Student_340,173.02312206496777,12,Female,801120-1239976,76.99769643628282
Student_341,184.2465741343841,9,Male,811113-2990379,60.28312590375345
Student_342,156.70429506026196,4,Female,960607-1749193,70.11007118306253
Student_343,179.34278906615054,4,Female,900325-2756452,65.28667654132123
Student_344,180.18018571158092,11,Male,890115-1030221,75.62192966062722
Student_345,157.4863279006252,9,Male,940316-2998332,55.040907178867144
Student_346,163.56617258179878,7,Male,870607-2633180,61.99880095579129
Student_347,189.3368851580216,4,Male,830515-1000584,64.64532210848175
Student_348,161.1442742429522,7,Female,990521-2604553,51.29579242679104
Student_349,157.83862167740847,4,Female,880716-1209872,48.89933090310995
Student_350,176.33893720804434,6,Female,861211-2665845,64.48428381984573
Student_351,167.51032323294567,7,Male,950406-1835662,62.822042320905126
Student_352,155.4533996677327,11,Female,910104-1513743,69.55665916010258
Student_353,163.63934691849042,4,Male,810708-1632669,85.86479324807428
Student_354,189.12116623572916,12,Female,990515-2944919,60.68790043991012
Student_355,182.22294010416414,8,Male,820610-1485792,52.21942469310271
Student_356,188.319539084538,3,Male,851025-1124655,71.77042010499918
Student_357,163.0527535024325,8,Female,960503-2888280,60.99882559011954
Student_358,169.41496463481727,5,Female,880815-1980933,51.30401657627223
Student_359,171.42312913489312,7,Male,990315-2617786,80.30062688016679
Student_360,177.2457502888558,9,Male,970418-1044963,75.06867734611392
Student_361,159.47366480370866,7,Female,850801-1182374,74.3204706951788
Student_362,153.7066251624554,8,Female,800816-1777878,64.93292950036975
Student_363,169.6134103449403,8,Male,970322-2038197,45.83824447528163
Student_364,159.2636615041758,4,Female,800409-1885039,50.68751856290062
Student_365,181.03697317575325,6,Female,940403-1886396,71.75372241360083
Student_366,179.82136749056752,12,Female,850901-1306074,77.71907491888038
Student_367,156.0259642514365,10,Female,821222-2387066,70.77333048339293
Student_368,157.50360368524835,4,Female,891012-1178971,56.17630180624822
Student_369,174.49880773150392,4,Female,851109-2660051,77.29328173267021
Student_370,151.32969108158758,8,Female,890410-1547623,77.35428256928097
Student_371,184.07680005879942,1,Female,961225-1289041,51.004839821166385
Student_372,151.1810567422427,7,Female,950727-2734959,46.13930138918209
Student_373,162.84607613657246,10,Female,891122-2835033,69.428527214378
Student_374,165.74410693867227,9,Female,871220-1135550,45.01858669590934
Student_375,185.79466733929547,12,Male,991225-1542096,60.17203785885553
Student_376,184.90497790392902,7,Male,900710-1935569,79.14971945311359
Student_377,176.9007222012783,2,Male,851212-2313373,64.62049414643015
Student_378,182.61069389132524,4,Male,840525-1501593,55.83326543157888
Student_379,178.83898323474207,1,Male,870604-1579652,63.99021089907537
Student_380,159.91221489448014,1,Male,891210-1002602,56.49505046754635
Student_381,171.46383418258827,5,Male,810406-1012916,60.2404868828626
Student_382,181.30118591309983,11,Female,890704-1172193,51.34015943275107
Student_383,176.17019411903453,9,Female,970217-2031416,71.7145770843398
Student_384,180.30511660243906,4,Female,870622-2444045,71.23390411184108
Student_385,158.86646093116002,10,Female,810414-2629824,74.77240836168794
Student_386,154.32982242028416,6,Female,920610-1201566,61.45254120261991
Student_387,166.17528813273563,10,Male,950420-1520128,56.72300418536065
Student_388,158.82213036227452,5,Female,850312-1641019,51.7596430887922
Student_389,162.42029566325712,2,Male,850221-1635751,53.93527781632776
Student_390,176.7334940934063,9,Male,950215-1743885,63.738930630455634
Student_391,182.82838936812016,6,Female,920721-2925745,54.50256150385545
Student_392,183.38414955620402,12,Female,990519-2905406,59.618552243725205
Student_393,152.4445670959285,6,Female,820421-2016317,85.92023748961982
Student_394,185.0653291899699,12,Female,810724-1912399,52.77927579218115
Student_395,160.21928240354643,12,Male,890605-2557978,84.47668732188369
Student_396,186.21524293711516,11,Female,920326-2383490,67.5580336616574
Student_397,159.79838246179887,7,Male,931014-1758117,65.23367916507041
Student_398,181.8253301290503,1,Female,950303-2045646,54.863435526237666
Student_399,162.9974068073134,2,Male,950921-2418887,69.82573899178811
Student_400,165.5399978731484,8,Male,961001-2508168,46.24100013227808
Student_401,186.48984096058587,12,Male,900816-2873694,72.11318807098466
Student_402,156.17286011659544,10,Female,940216-2775769,78.44686210083157
Student_403,159.67025070896142,2,Female,850823-1072332,78.40503765961753
Student_404,178.19914204947585,10,Female,810406-2047074,47.732645870953974
Student_405,158.43327357587842,11,Male,841107-2526543,70.13788460977511
Student_406,151.49312844670405,8,Female,950324-2614874,82.39829039717338
Student_407,187.87057717235885,7,Female,860620-1843981,63.726051338106274
Student_408,156.5302072370147,1,Male,910713-2344348,53.669008292895654
Student_409,159.2558938571782,2,Male,960711-2323947,56.559456065956525
Student_410,165.11322042012895,10,Male,981213-1264263,65.08876952496112
Student_411,181.58984577572275,3,Female,960117-1763474,78.5506512705647
Student_412,163.090929014547,1,Female,820528-2504420,52.62055409043585
Student_413,176.35866946280552,11,Male,840622-2654266,67.3222081456166
Student_414,150.25448906264327,4,Male,831109-1258257,59.51261439465536
Student_415,158.4224924798087,11,Male,840724-1209054,72.42222631456275
Student_416,178.50106327800262,6,Male,951224-2428046,83.10192535761955
Student_417,173.61824385166335,5,Female,910627-2133582,65.58124694499244
Student_418,158.01693486867674,1,Male,850812-1909108,74.17984616739767
Student_419,186.9886058589493,8,Female,980104-1902942,70.51376199365178
Student_420,170.63067370917014,10,Female,910803-2760092,78.73528291542652
Student_421,162.57565841930904,1,Male,890310-1084162,88.6243072650922
Student_422,179.66850298046447,12,Female,941209-2458195,82.39628426908868
Student_423,156.55392908466456,4,Male,831007-1889304,51.54148337896415
Student_424,187.93249220448664,1,Male,860816-2334220,72.45402030143516
Student_425,166.90089615991033,7,Male,860427-1333930,48.179023618433824
Student_426,163.9575770148468,3,Male,841111-2196705,62.817445214995686
Student_427,160.72895300502543,2,Male,820309-2814653,49.14961383966783
Student_428,160.2928935950412,8,Female,930118-1027320,55.19233036013289
Student_429,175.28758609334275,12,Female,900103-2200808,86.65971557558802
Student_430,157.6257364193881,10,Female,970222-1006600,80.62959021750066
Student_431,179.31427844036602,4,Female,891218-2869684,49.79326812115653
Student_432,164.8948350459519,7,Female,960113-2636748,88.41011678765564
Student_433,184.34291354284153,5,Male,871214-2083910,53.87419989441241
Student_434,165.3730284635429,7,Female,821020-1301527,45.905996190670045
Student_435,179.8475298014731,1,Male,840516-1659171,64.39334439128943
Student_436,160.0283980310199,5,Male,860526-1031684,58.69894369760259
Student_437,151.6782589095224,4,Female,850628-2441382,58.28166877267695
Student_438,162.24499498680936,3,Female,990203-2472689,50.96763029259386
Student_439,162.4207284731625,7,Female,800927-1937068,70.81242214937781
Student_440,166.93617238546176,10,Male,870319-2783585,52.72154589578984
Student_441,166.4152495420748,11,Female,800621-1820056,80.53738192346901
Student_442,165.26174744208862,10,Male,921002-2442765,55.807364112001494
Student_443,166.53346718423634,4,Female,830920-1954229,47.60773915919374
Student_444,154.98893084704847,10,Female,970803-1354025,59.45920808262428
Student_445,164.64677561088047,1,Female,850811-1149225,79.75985557924545
Student_446,184.326106086127,8,Female,920907-1515786,47.963347120566624
Student_447,172.16483296884766,5,Male,811117-2556372,74.6252030503638
Student_448,188.24942341765336,12,Female,840802-1031988,74.71569905157676
Student_449,161.9087300302788,11,Male,830321-1714090,68.69027210618512
Student_450,181.27918654660505,6,Female,900223-2564669,56.521456815644946
Student_451,178.0196016423657,3,Female,901018-1567984,67.58801868401707
Student_452,179.5078689695172,2,Male,991106-2551388,64.553575861279
Student_453,154.6663609326799,8,Male,980813-2642922,46.64924938852832
Student_454,157.10549571982784,10,Female,840207-1672916,65.16350037743176
Student_455,167.35180334588543,12,Female,830416-2910253,78.87495445101831
Student_456,184.1328955413515,6,Female,970125-2131479,59.95724284441037
Student_457,164.188557206433,12,Male,830828-1760954,53.355829923395504
Student_458,160.7993360810489,3,Male,830528-2844728,70.44500203813982
Student_459,162.4612997168248,7,Male,920111-2017196,57.014250786229056
Student_460,185.6423469573674,7,Female,900502-2795289,64.88672032265244
Student_461,153.43386938738956,2,Male,971118-1418590,61.2226347170853
Student_462,169.9004736891259,9,Female,920501-1505026,84.77563620345833
Student_463,181.44948277408866,5,Male,940920-2383825,80.89620981343322
Student_464,183.99100574532707,7,Male,841025-1100800,45.49975490492443
Student_465,168.84498699638596,3,Male,910927-2726783,71.33788747397733
Student_466,153.4490775558594,2,Female,931203-1511563,73.73323989855939
Student_467,178.32760345220075,6,Male,930415-1489419,74.64693556487359
Student_468,181.94988523278002,11,Female,880103-2078905,56.01091773523502
Student_469,162.2283197664758,6,Male,890315-1957755,68.47131019270003
Student_470,154.50320155035672,10,Male,851221-1184026,62.34590034694463
Student_471,154.27174622949462,4,Female,921208-1482734,54.70483793807965
Student_472,181.9247731422294,12,Female,961018-1366499,45.189083974446994
Student_473,184.5574543785773,8,Female,940324-2226336,51.888541080093965
Student_474,169.39478546639927,9,Female,890804-2553534,52.039037404958485
Student_475,167.26281464893378,10,Male,940714-2927130,79.67613561349043
Student_476,165.7636634243457,2,Male,931025-1424502,65.67561634475396
Student_477,179.65839722477986,11,Female,860716-1524081,56.61204611944205
Student_478,155.53306611109358,3,Male,800606-2506996,74.48743674950873
Student_479,155.25830336884778,12,Female,890310-2587866,87.47177683810357
Student_480,167.05982064560294,3,Male,890112-1310166,57.79072986751356
Student_481,182.93155119275764,10,Male,981205-1668582,73.1332116441857
Student_482,157.1883962234744,5,Male,810805-1236477,74.1421175420547
Student_483,178.2471871814691,5,Male,970311-2669214,55.377625712960075
Student_484,170.93977679527683,7,Female,880505-2871095,74.34724969028653
Student_485,168.76867759696552,2,Female,901008-1389273,85.71146839471118
Student_486,184.83406672281097,11,Male,820420-1067794,47.44565053044617
Student_487,154.554087753359,4,Female,850315-2871480,75.92495271637237
Student_488,184.4842354887176,9,Male,891015-1980492,84.91600524732243
Student_489,165.40577532011895,9,Female,850310-2565886,59.66602967948818
Student_490,187.74894619669016,2,Male,911001-2311597,61.38347870584299
Student_491,186.73061372831953,8,Male,880809-2725491,79.4039684807666
Student_492,163.43246162636012,10,Male,980120-2103470,75.79816258286127
Student_493,161.32384291610754,3,Male,891006-2357890,59.241444168700454
Student_494,187.05691569320575,2,Male,860210-1249126,76.87273427541348
Student_495,189.608076174181,8,Female,840206-2225018,57.62901092215679
Student_496,188.27922227653323,5,Male,951004-2282704,56.00544518923212
Student_497,151.13297962339516,5,Female,880619-1595843,57.2956253701018
Student_498,164.16990596487,2,Female,810314-2981523,51.275897171706205
Student_499,177.16997525193307,11,Female,800726-2575504,51.22300198163908
Student_500,157.05880610664676,3,Female,940314-1414068,53.11169927873178
Student_501,162.98959618196636,2,Male,920805-2421039,60.25049848472827
Student_502,183.07200220021974,11,Male,821226-2124114,49.726350824246
Student_503,185.91480690659913,5,Female,931022-1122538,88.49968787656579
Student_504,171.87653549921797,1,Female,930127-2437612,47.01843141651258
Student_505,175.66363794516417,1,Male,970805-2012990,78.7080115325524
Student_506,173.76922000318197,6,Male,880917-1786305,56.095332614134534
Student_507,153.16404702636825,7,Male,810110-2738044,45.55373828858016
Student_508,157.5280811069024,2,Male,930424-1250011,53.22750458105815
Student_509,172.1690567620416,3,Male,850303-2881012,50.27424781254764
Student_510,157.70924439890817,9,Female,970511-1313595,63.00861187850633
Student_511,169.49637973626426,6,Female,970806-1968105,80.65981581876937
Student_512,185.33604361868788,11,Female,860713-1865262,59.42251838299634
Student_513,180.44506043907785,5,Male,970712-1667659,75.96825302078656
Student_514,185.1890832881179,8,Female,810305-1629429,84.24294803130218
Student_515,163.73070247474908,11,Female,950207-2531992,77.84265574231489
Student_516,159.30934322607905,12,Male,910612-2362701,69.27756616306306
Student_517,161.60505804194483,11,Female,910422-2267437,63.0052568408307
Student_518,176.61239291758253,6,Male,960906-2807265,61.92562875219255
Student_519,179.12959680692046,5,Female,810516-2861823,84.64153525150033
Student_520,166.2624439944643,5,Female,890802-2747298,67.58802235677533
Student_521,187.54553761880786,1,Female,890504-2023855,86.14683804533512
Student_522,162.55570449849705,9,Male,991128-1280523,62.368641512653944
Student_523,159.17976295040492,2,Female,980728-1897244,87.30496097983865
Student_524,173.3966278020632,12,Female,980607-2194745,68.3540543201207
Student_525,160.78932257540973,7,Female,880224-1030664,57.0056244592212
Student_526,150.39314202996837,6,Male,851215-1213842,65.79714341770543
Student_527,158.23486276130484,7,Female,890620-1708543,76.17731036724823
Student_528,184.6356776270439,4,Female,980708-2814868,50.319653598498775
Student_529,170.31706976286057,5,Male,840114-2657736,85.90326785417926
Student_530,155.0096481593469,10,Female,840618-1676770,79.28135769025658
Student_531,163.01820024579538,8,Male,971125-1664415,49.3256505426774
Student_532,155.8682055718686,9,Female,861017-2025145,46.62881801921485
Student_533,169.15606573861746,4,Male,900623-2298009,69.59290003936495
Student_534,184.84511201623656,8,Male,980708-2035223,66.80959405367001
Student_535,174.1079533778647,11,Male,830425-1448226,78.81704117857656
Student_536,167.69458031446047,6,Male,861222-2713709,73.18048299697153
Student_537,165.86916536112466,3,Female,890918-2651328,57.18384128458359
Student_538,175.1397694778557,4,Female,891113-1337625,82.21975034964086
Student_539,165.15611481989575,3,Male,961127-2640701,46.01397086413208
Student_540,170.71755968374296,2,Female,871018-2289335,62.194466417003994
Student_541,156.6399626869943,2,Male,890724-2443655,53.700168042355905
Student_542,185.75776092658032,11,Male,900603-2124395,86.97856079806463
Student_543,182.41291947164964,12,Female,880520-2123086,73.45389805270048
Student_544,162.84720013019296,11,Male,851222-1340527,71.38651975210918
Student_545,188.49195239559302,11,Female,911114-2328117,47.08374582025673
Student_546,181.19736082992526,7,Female,940812-2953095,60.35098789196408
Student_547,184.31740403797832,10,Male,840406-1181453,73.8587882983035
Student_548,151.4992024192124,6,Female,920928-2851924,64.75129308144895
Student_549,176.9839270157697,5,Female,840513-1661810,53.50306783660498
Student_550,160.19355573675242,12,Male,810604-1742387,82.85790166849927
Student_551,152.97578277889366,9,Female,990514-2133913,79.83620536576082
Student_552,153.78748771160815,12,Male,990302-1732993,61.54014336391825
Student_553,153.95167562220567,4,Male,860423-2014682,77.13914737225531
Student_554,167.1710611497301,6,Female,890221-2892693,65.09728915841595
Student_555,168.6566989632693,9,Female,940211-1425408,81.4727691349091
Student_556,151.4310229731873,7,Male,850503-1128317,70.38309436953372
Student_557,157.31188534338352,9,Male,880101-2855690,53.47456525529238
Student_558,158.12141506754315,5,Male,920622-1472738,56.4818707169964
Student_559,184.46462337835538,2,Female,821228-1204121,74.49749250603287
Student_560,174.1263118883713,6,Female,960717-2095993,69.81082867523737
Student_561,188.85081151665315,4,Female,800602-2219945,82.7842560382654
Student_562,159.95831873268844,2,Female,910503-2839240,52.91917807475948
Student_563,189.54364985228108,11,Male,860203-2362624,86.92314902997424
Student_564,164.37813500437943,1,Male,960515-2321049,59.170682273689856
Student_565,159.65705946284268,9,Female,950421-2042282,45.44527572223694
Student_566,178.05342790115196,2,Male,970616-2462483,87.67386582169205
Student_567,164.34166494334346,1,Female,810328-1317891,77.52808873417811
Student_568,175.36869568910458,10,Female,860202-1979936,78.62041222032124
Student_569,174.62675357109444,10,Male,850415-2033288,75.17507814207895
Student_570,178.58982403974545,1,Female,820914-1916451,55.97108791384888
Student_571,183.57447692691062,3,Male,970712-1461676,45.773102076153116
Student_572,175.78466447534885,10,Male,950411-2331404,84.29028670412062
Student_573,174.03629091624555,1,Female,950903-2832578,83.72251758462997
Student_574,165.5144960182053,1,Male,990612-2216261,49.293755946815
Student_575,186.6142892473688,9,Male,870604-2301161,56.77176212819805
Student_576,159.73149877972986,8,Female,811004-1495155,68.36593083135165
Student_577,187.15366216519627,7,Male,840114-1924359,47.40275548154239
Student_578,158.13934215110717,8,Female,900826-1210914,80.54193343885177
Student_579,186.94844514928667,11,Female,910716-2739174,73.07416878400267
Student_580,170.56587639972656,7,Female,921214-2571303,75.24876934432238
Student_581,164.98811707210055,9,Female,830506-2248777,84.45991474620848
Student_582,189.5051598014445,2,Male,861027-1327483,65.24998615212618
Student_583,150.85331917925913,7,Female,820521-1471131,56.138352763580194
Student_584,162.74920809287008,5,Female,951105-1973605,62.35343891768095
Student_585,180.0745561019121,7,Female,980801-2542796,45.005827768066
Student_586,168.21812230659157,12,Female,840916-2471932,82.10597330920936
Student_587,185.4344146465657,1,Female,880315-2042802,87.2204454488413
Student_588,181.36063454691623,3,Female,890608-1659591,52.45988487959823
Student_589,175.8033621838119,3,Female,841215-2099753,55.245835727526355
Student_590,177.52755915384805,7,Male,840802-1722039,70.84314382343669
Student_591,153.57570231528868,3,Male,831025-1916795,67.26930699866922
Student_592,175.48119502537122,3,Male,920502-2047162,56.01631286296376
Student_593,160.98672567775782,1,Female,901218-1525311,88.98892101088438
Student_594,167.0215477245427,1,Male,881123-2960530,54.40026411423722
Student_595,189.5161566363845,3,Female,821016-1284233,45.177894972614446
Student_596,170.35478312350864,12,Female,910604-2469429,64.32039538851062
Student_597,187.5856599511871,6,Male,930408-2175870,51.84405435205673
Student_598,160.49039822580696,11,Female,990908-1089647,61.46373753280275
Student_599,189.7716208653389,4,Female,860327-2722632,72.24065432613229
Student_600,188.1516182627785,8,Female,940105-1384082,57.47388364225912
Student_601,152.76043742701134,8,Male,920506-2327947,59.13313461535938
Student_602,174.74087406245798,7,Female,860902-2339355,70.15213534906512
Student_603,181.0820273632202,3,Female,910801-2256401,73.24037696487305
Student_604,163.2508686590429,6,Male,941015-1042361,57.62726315509222
Student_605,175.12514638410585,2,Female,880116-1684141,72.41636920533021
Student_606,184.40531255268053,10,Female,950805-2939999,76.23033204263385
Student_607,162.96342681078627,12,Female,830106-1207425,65.54802989018039
Student_608,184.5887617079061,12,Male,820427-2236979,64.09147185422668
Student_609,151.0842197388485,10,Male,920611-1652089,61.87352912392341
Student_610,170.35485457030137,7,Female,951011-2527720,68.40969207146357
Student_611,165.96147080454972,2,Male,900301-1251015,88.27461520432824
Student_612,174.77135872110458,9,Female,950825-1458471,70.28630376053809
Student_613,159.76615642502242,1,Female,980120-2423620,83.35887225916541
Student_614,182.2049151239774,2,Female,911110-1437824,71.33357763804429
Student_615,183.01776137540068,4,Female,870224-1258872,47.15490785802943
Student_616,156.6464817909702,7,Male,830404-1219080,49.637309200640416
Student_617,171.11204095810172,6,Male,960904-1720849,66.2558919733423
Student_618,173.21059672759932,12,Female,860904-1171905,53.66407170326847
Student_619,172.8872768436064,3,Female,870227-2042905,73.97172915356386
Student_620,176.1760645563573,5,Female,970218-2728054,48.0638622066599
Student_621,189.757602471632,7,Male,801210-2606334,45.62796189531195
Student_622,181.82848511743796,11,Female,980113-2694249,46.81612355296897
Student_623,179.2023459210627,10,Male,890619-1709299,85.320609162387
Student_624,182.86789332411024,11,Male,891126-1511067,72.91350607551904
Student_625,155.63524257484423,4,Female,911007-2342931,47.8260716062088
Student_626,163.59816354987436,8,Female,911013-2024896,45.100819177660384
Student_627,173.29474101478294,11,Female,921222-2116860,83.59037879154447
Student_628,152.59781569288296,12,Male,851009-2536309,75.98907952764976
Student_629,175.47883615880048,12,Female,821227-1072458,51.175551716971725
Student_630,169.98645575614856,1,Male,880227-1184622,61.0792424773787
Student_631,152.40907593052899,12,Male,830415-2733566,62.22329674364336
Student_632,173.03682832213846,12,Male,910223-1936486,48.1633901985189
Student_633,186.79440280827822,12,Male,971013-1004614,84.11525397419607
Student_634,170.02319952379332,3,Male,860206-2735646,71.39838763888288
Student_635,170.14471014597837,8,Male,860916-1948524,47.00879902290913
Student_636,185.14341707750162,1,Female,970419-1681848,85.29092168005616
Student_637,177.36570321013363,5,Male,811001-1172599,46.78394393507515
Student_638,172.36250618218895,1,Female,970319-2669522,85.1441332480884
Student_639,176.58988945211038,12,Male,911010-1529630,78.55676917486794
Student_640,172.47961465102358,7,Female,830328-1588265,89.63925785738611
Student_641,151.3643530026277,5,Male,991222-2497893,72.13763687369979
Student_642,151.5306364780888,3,Female,990221-1730794,78.59602259368819
Student_643,179.9514262521386,10,Male,970317-2929688,62.716628021454056
Student_644,183.4539099981722,2,Female,930819-2907234,63.056210706883235
Student_645,168.55250800822975,10,Female,881216-2118191,82.03520704141667
Student_646,187.08494995257774,7,Female,950316-1592779,82.44764207467531
Student_647,168.6244304981799,4,Female,830823-1430288,50.61887356569637
Student_648,156.53895457845866,9,Female,881023-1362245,48.094392983338786
Student_649,174.5385861230789,5,Male,800304-1160914,65.35672219466153
Student_650,169.09959474353695,3,Male,950521-1636327,52.435620466605364
Student_651,156.33133098507216,9,Male,910920-2675502,61.965069574310505
Student_652,150.48747048826482,9,Male,870522-1434085,68.96766858223265
Student_653,157.1412034924915,6,Male,820705-2269504,67.44017181151742
Student_654,176.65314045104518,1,Male,930720-1839046,74.38785040055465
Student_655,161.20479551845642,10,Female,860311-1352409,72.81981546772339
Student_656,188.6822498164335,2,Male,920522-1435102,73.77061503350072
Student_657,181.80837352085547,4,Male,981011-2296423,49.6292583854156
Student_658,158.21981836914304,5,Male,800528-1143402,70.87909158486535
Student_659,183.09536303161954,4,Male,910510-2439963,55.45881256221858
Student_660,171.10187435985182,10,Female,870922-2030547,58.51897792531873
Student_661,159.29545069005752,12,Male,800427-1403917,65.37924291489277
Student_662,164.09379190979,11,Male,860301-1030503,84.01463567255823
Student_663,162.10889206947857,6,Male,800208-1932271,85.24481094006883
Student_664,152.9215772239435,5,Male,970317-1987399,61.93213051704449
Student_665,178.27179075007072,5,Male,800516-1674196,63.07161559387596
Student_666,151.5191138646436,6,Male,871102-2247327,67.72982579748692
Student_667,188.80017655708298,8,Female,880913-1781711,67.94361844980351
Student_668,180.30370969022582,7,Male,890112-1478203,78.22398398658979
Student_669,169.10133429164287,4,Female,860227-1680451,76.7985706951534
Student_670,186.25862040626924,10,Male,861109-2008876,76.0846853829608
Student_671,166.83132078178917,11,Male,940716-2066151,70.2582573388304
Student_672,158.80535489259182,1,Male,890222-2100255,64.32910509027802
Student_673,168.13613341347883,7,Male,850328-2374953,83.91705909804719
Student_674,189.69641951257685,2,Female,860603-2256870,64.14519981688501
Student_675,177.57098271912255,12,Female,900420-2936468,57.43756515034441
Student_676,168.65073391041207,7,Male,900624-1215271,81.21280862971753
Student_677,182.5583151258785,6,Male,800423-2285878,52.826932515941564
Student_678,167.0847432603927,5,Male,881107-2398018,74.95478601344782
Student_679,188.9528501775296,5,Male,900719-1840986,48.48443754508248
Student_680,168.59048514446195,7,Male,921012-1519138,62.703083377266054
Student_681,178.22773861735308,10,Male,980205-2223081,66.56990138750075
Student_682,171.60771881188893,12,Male,960721-1055856,48.19597862599038
Student_683,173.7496028619717,7,Female,930225-2186818,74.29576999868158
Student_684,182.32840742877278,7,Male,850314-1243698,58.43407148210657
Student_685,176.68579427136837,10,Male,890416-1306934,70.35864572376838
Student_686,173.1269679303846,10,Female,970304-1055089,62.90697651518376
Student_687,189.91156559169352,8,Male,960928-1845696,81.78723021737595
Student_688,163.89613492563112,7,Male,840605-1727228,78.27550958072297
Student_689,182.69938861896225,2,Male,830303-1093605,80.5548504941468
Student_690,154.70968842618183,1,Male,840101-1458432,75.0702755458291
Student_691,167.89744194061495,4,Male,800212-2553049,49.0081864434586
Student_692,156.8097687895928,7,Female,861003-2584366,50.38313937509907
Student_693,175.05298588851792,4,Male,920720-2910042,54.96924491885355
Student_694,169.45512921561237,12,Female,821019-2237101,50.285857503309245
Student_695,161.38825441171704,4,Male,901210-1724395,77.0078033914374
Student_696,159.63476139996078,4,Male,950515-1811592,45.530014341905385
Student_697,152.28157684290366,2,Female,810820-1099526,76.59219935871603
Student_698,160.56300649354588,11,Male,931002-2631428,70.0874449458443
Student_699,160.44376193673463,4,Female,910117-2203826,52.22757551135561
Student_700,180.2003925210265,11,Male,801105-2888481,70.09404804556434
Student_701,161.61028315566983,12,Male,840716-2191490,55.653845396801664
Student_702,179.29187427281312,10,Male,891113-2480732,71.5701672050977
Student_703,182.87198078117046,8,Male,890903-2522279,71.53094397600086
Student_704,177.69545233935204,4,Female,810624-2399186,68.42496448256281
Student_705,153.29654345149817,5,Male,910824-1610043,67.38233231223165
Student_706,163.2525427411147,9,Male,990403-2059666,67.14021077837994
Student_707,178.6381224737603,5,Male,800407-2041994,59.36575796762013
Student_708,163.19611289119942,12,Male,830803-2561982,52.07666888175016
Student_709,174.01374852673558,8,Female,980624-2964755,57.873234337559566
Student_710,182.0590465801904,1,Female,900721-2819896,78.20585890864947
Student_711,160.98272935488478,11,Male,890418-1571888,60.13533848715809
Student_712,182.11517065138315,2,Male,890617-2773919,87.7418154759464
Student_713,168.19613983012164,3,Female,871110-1016483,58.908005808377645
Student_714,156.63660092830276,5,Female,841202-2585935,51.53162649011683
Student_715,159.35723275948845,1,Female,841226-1620965,81.87493235081365
Student_716,168.73615232175104,9,Female,850602-1399613,78.57428070780986
Student_717,181.089828906619,4,Female,970714-2850345,76.9198663069186
Student_718,151.4392589211946,1,Male,990420-1370101,87.11863712244696
Student_719,151.48221458329084,7,Male,991207-2021535,70.91739425788428
Student_720,177.51326557862714,5,Male,990517-1108927,54.25730641375708
Student_721,167.38242502511886,3,Male,960718-1566529,55.76869868671445
Student_722,162.46524090256185,3,Female,991020-1056006,49.55396390181933
Student_723,150.14849185120983,9,Male,820623-2035064,80.20417180288977
Student_724,176.72197161303805,11,Male,810710-2539482,80.34168320575313
Student_725,155.31834759666984,7,Male,921005-2170661,89.02714618066207
Student_726,157.09377759206646,10,Female,970210-1692361,51.31424734639549
Student_727,163.5974833479395,5,Female,990211-2178070,87.83505493983415
Student_728,172.3592088654124,2,Female,811123-1146877,65.89219931906077
Student_729,186.98359764758942,9,Male,940412-1951695,68.78484211877998
Student_730,176.1048644535844,6,Male,940626-2908472,65.27656832464892
Student_731,184.0558520969903,9,Female,900607-2405354,82.48774770003091
Student_732,158.8687391208266,5,Male,881120-1206616,79.67590221366747
Student_733,169.36120797056927,5,Female,920522-1421162,88.9250701720103
Student_734,157.87280616463698,10,Male,940409-1432971,74.77682796744013
Student_735,172.01171878910162,2,Male,920410-1267587,68.49863969720121
Student_736,161.93284780374054,6,Male,941028-2563238,67.80141444566173
Student_737,165.87399670891918,1,Male,890712-2655923,82.8419977336785
Student_738,181.99494364171935,4,Male,950118-1396033,46.697613013971285
Student_739,189.73249747073035,8,Male,870422-1115126,61.95473251859914
Student_740,150.64164609393504,12,Female,860320-2692754,86.26092674511904
Student_741,172.3513155462025,7,Female,950615-2726949,50.39998152506172
Student_742,186.05440764482464,3,Female,860826-2671675,74.27185168080626
Student_743,180.48982395481087,7,Female,800620-2594587,49.83894564269397
Student_744,167.62810598899642,2,Male,980420-2222090,54.445464081584575
Student_745,165.6010130116113,7,Female,860222-1295418,71.15820955493858
Student_746,181.047812960915,12,Female,960707-2350394,86.99151943515363
Student_747,176.79055100915673,6,Female,940625-1616851,84.2957374064739
Student_748,161.23594226612116,2,Male,860923-2549933,74.3283459630059
Student_749,189.2210570513965,1,Female,930922-1369379,83.44869001783402
Student_750,162.39399697979002,11,Female,990622-1161380,65.05310353025331
Student_751,165.64686163081103,1,Male,960403-1451803,81.46556287182067
Student_752,178.33083598863692,11,Male,970922-2064472,74.66438435565617
Student_753,184.61841032045695,4,Female,990213-2959522,60.39312313802972
Student_754,155.5918128283436,5,Male,990421-1072705,72.06807672851704
Student_755,150.87872075860585,4,Male,940528-1387594,67.9867593300977
Student_756,179.08064038734997,12,Female,830625-2975095,52.47712310471836
Student_757,182.56162860940114,1,Female,840210-1837763,68.63554316634463
Student_758,187.36372537716835,7,Female,990606-2504501,64.46553929771011
Student_759,154.19884193999746,3,Female,981017-1379216,71.2590595468539
Student_760,153.47198397850374,11,Female,840909-2846436,76.11400733707458
Student_761,172.2140783565505,3,Female,880810-2049213,68.29824833687043
Student_762,152.16917551059137,6,Male,800215-2224066,47.04346413543415
Student_763,187.22521730997082,3,Male,920708-2911842,87.18786089672594
Student_764,175.35166519866073,10,Male,990913-2122619,73.01346365428131
Student_765,182.73587049195797,3,Male,880712-2849321,67.43719543200999
Student_766,170.7095241227734,8,Male,850603-1895249,83.97518368740197
Student_767,154.230665889343,8,Female,900521-2295695,52.38464634446146
Student_768,178.77842303279743,4,Female,901112-1396012,56.612982257546676
Student_769,154.45336456624827,1,Female,930205-1576051,72.11656923629002
Student_770,174.59731886637243,3,Male,810820-1323133,82.36847512592934
Student_771,179.2299901757535,12,Female,871123-1491599,89.10191769790416
Student_772,187.04819022583982,6,Male,991004-2822098,51.26494618946944
Student_773,186.51835880766038,4,Female,930826-1360358,55.988199467331974
Student_774,170.78573058324912,1,Male,890228-2348136,65.19092403996535
Student_775,178.7198084027157,12,Male,960809-1399287,82.79718343664281
Student_776,181.59692373154428,1,Male,840824-1674119,49.72776007388432
Student_777,178.00149433162917,4,Male,900603-2419278,71.98968554671762
Student_778,183.77532237273527,11,Male,880521-1085473,80.61799803712096
Student_779,179.01202997212485,2,Female,861127-2360509,84.89935084528187
Student_780,167.94003249021267,10,Female,921226-1904678,79.70541095029816
Student_781,153.47483779036838,2,Male,940102-1198835,65.41236533212317
Student_782,180.67445495604545,9,Male,850228-2368724,58.37530797810497
Student_783,163.25251789664395,7,Male,991110-2478282,65.32113956744044
Student_784,161.7430158490494,12,Male,930724-2478664,54.50711510779547
Student_785,150.73063186676598,11,Male,841216-1486906,72.68919740783562
Student_786,156.10431798476088,6,Male,810820-2069480,81.0461087376576
Student_787,173.5386056973313,8,Male,921122-2064732,81.14524756038095
Student_788,164.47517342284328,9,Male,881209-1632424,69.63101701411843
Student_789,158.5160457831628,6,Male,801027-1845174,89.707763637782
Student_790,177.49192707851998,3,Female,930922-1721342,51.62670218740982
Student_791,174.6528881908805,5,Male,850904-2274195,88.61284151268266
Student_792,158.26842889131677,7,Male,930916-2958083,75.70308776622664
Student_793,175.95688907941195,8,Male,870314-1684915,76.80022944279708
Student_794,176.9783049606346,10,Female,900625-1924516,69.74030516948021
Student_795,172.67937240525265,9,Female,840805-2475342,50.43039741691475
Student_796,169.87479618906843,11,Female,950618-2998336,75.53653834445828
Student_797,177.65698327262686,9,Male,871213-1228981,88.0980702935243
Student_798,181.28912168620968,7,Male,860801-2404434,47.55220305881921
Student_799,156.6074349896964,7,Male,830921-1560913,45.68617804962097
Student_800,179.36762673184242,11,Female,990119-1841447,67.09528511723317
Student_801,166.17485481612576,1,Male,800109-2014612,60.03648712935811
Student_802,161.91891166181537,6,Female,900814-2418280,85.9191447486097
Student_803,156.10467636936502,4,Female,800306-1163054,87.3417269696308
Student_804,168.8956787733834,7,Male,980922-1083231,66.35412796860065
Student_805,182.87195216774774,8,Male,900326-1042203,72.64741595052766
Student_806,161.85762787006973,4,Female,910203-1605652,45.018104447617716
Student_807,158.64151524452922,9,Male,930116-2006955,63.698224169166025
Student_808,153.24469476646328,10,Male,960102-2217690,63.36386942950068
Student_809,173.8166669540879,2,Female,810218-2470243,63.03294821155466
Student_810,168.29621479657777,5,Male,800524-2379580,47.022298062071414
Student_811,181.33207028905534,6,Male,930225-1214150,62.83833423544162
Student_812,172.17943746366518,5,Male,821127-2541303,66.88287108056927
Student_813,175.5187316065567,8,Female,971115-2431349,56.81924873889421
Student_814,159.97298435868404,11,Male,930424-1661122,76.54034595233952
Student_815,166.3857920645443,7,Female,850328-1009876,83.42874267909082
Student_816,179.00956876442416,12,Female,841101-1679512,89.23156215670886
Student_817,169.70057559073138,10,Male,800312-1667615,77.03858893029198
Student_818,183.7531669471558,11,Female,980728-2284799,70.6631766081005
Student_819,184.33355349285944,6,Female,950328-1877170,71.02281486600612
Student_820,160.06983613888877,11,Male,910414-1220362,79.12809525973215
Student_821,168.763214340763,3,Male,960212-2639583,61.85427595972544
Student_822,164.9073700184323,7,Male,940606-2516228,89.89053971050208
Student_823,179.36672901906968,3,Male,850120-2781181,84.22312728587947
Student_824,161.80100629499853,4,Male,980310-2578589,45.861843336111576
Student_825,154.49451996346596,6,Female,811119-2333219,84.22976275869614
Student_826,174.72749492502135,9,Male,830207-1168253,70.05348998019261
Student_827,176.2482351013676,9,Female,871015-1612596,77.62434628272383
Student_828,168.46481038707503,10,Male,930315-1641117,86.13735303840019
Student_829,184.43654596044374,6,Male,980201-1012182,73.2910002364651
Student_830,162.87510395487067,12,Female,900708-1159045,67.74644111195697
Student_831,170.32925026704675,12,Female,930202-2468710,70.55259951164855
Student_832,180.74252219722692,4,Female,880727-1174436,74.22738056995718
Student_833,163.67451041619594,7,Male,950215-1459826,47.31624749099013
Student_834,187.978232651105,12,Male,960715-1511027,75.39018191834846
Student_835,161.5502486558052,9,Male,991005-1463769,81.73403701383224
Student_836,159.1704135535098,3,Female,950325-2222187,69.78859600698317
Student_837,172.41717792556517,4,Male,910309-1521355,66.6655557603036
Student_838,180.43971934300077,12,Male,800313-1883938,67.56200647856298
Student_839,164.22437759169068,7,Female,821106-1775591,58.20576730505645
Student_840,172.90733754233878,10,Female,910716-1265270,78.01738287006512
Student_841,183.67459360863046,3,Male,861205-2744945,45.1102886703648
Student_842,167.37802123620733,8,Male,810817-1240629,46.50144358096827
Student_843,186.17744373449227,10,Female,800820-1598987,86.98789797323839
Student_844,163.9062141749226,11,Male,930312-2088462,87.48286872201231
Student_845,179.67386808098632,8,Female,810122-1264519,67.40689099469064
Student_846,165.73099125763207,6,Female,880601-1797336,60.516950068908784
Student_847,186.52023047760554,12,Male,910116-1499794,89.31992224630359
Student_848,158.9611440342815,12,Male,831126-2782946,58.03132889841134
Student_849,181.39168345437355,6,Male,931214-1978512,83.61873678830295
Student_850,171.02634339880436,2,Male,930228-1083192,86.54141599613729
Student_851,174.11180440016994,8,Female,800812-2354648,81.42108354543157
Student_852,183.25257340275436,12,Male,950919-2336135,61.961102468003176
Student_853,154.95251653973068,6,Female,841212-1913554,46.67346204340157
Student_854,173.14502308236027,3,Female,890426-2553759,89.9394885816701
Student_855,189.42941199945608,1,Male,960618-2970769,53.11684144125379
Student_856,188.21360232215042,2,Male,960305-1132562,67.95572211177162
Student_857,174.341505100965,1,Male,870807-1771849,60.46440762839583
Student_858,183.0412813185482,2,Female,840902-1236246,52.57030235403131
Student_859,185.89066530292004,1,Female,961002-1679337,80.70219200492826
Student_860,167.0031135441625,7,Male,950702-1930397,79.69386469273846
Student_861,183.6454983755135,11,Female,921215-2949809,52.50643972344885
Student_862,180.4091788192007,7,Female,890306-1685083,86.33563860358515
Student_863,163.3290963057878,7,Male,840410-1440994,74.20743360932802
Student_864,180.82299952358454,12,Male,961214-2261910,54.34027533135105
Student_865,183.19027523483737,4,Male,880208-1922948,54.35757410654409
Student_866,168.19388201740213,9,Female,870211-1453052,67.39106541829099
Student_867,158.73980000856722,4,Male,800920-2347321,65.66507928629245
Student_868,165.2581495646341,5,Male,801114-1651581,74.58154183101225
Student_869,183.47291111475778,9,Male,900922-2429196,60.70622123310567
Student_870,155.22609263847895,8,Male,960203-1844681,83.42332633448561
Student_871,182.41325107322632,1,Female,821013-2703102,49.981092094131824
Student_872,165.82040923578916,4,Male,860805-2388089,67.8323700536037
Student_873,177.9538978967845,2,Female,841017-2506089,88.62329830486233
Student_874,152.2684996417807,11,Male,911003-1656309,82.08674948684084
Student_875,169.36303120978926,1,Female,910107-1247773,83.65475106192766
Student_876,169.9399715363187,9,Female,980115-2877791,75.83852112612554
Student_877,182.85043901548968,5,Male,990425-2517238,86.67820218276319
Student_878,178.4735552453864,9,Male,880822-1613857,70.89836092588854
Student_879,177.27950028744627,8,Male,921115-2688569,67.08441739238202
Student_880,154.21151841003245,6,Male,850520-2392055,70.96387017397895
Student_881,161.82060676487177,6,Male,980715-2945692,69.38071555790955
Student_882,153.02646733533481,3,Male,990915-2680092,84.0956747778504
Student_883,162.4952044763101,8,Female,800907-1149350,57.01710484677515
Student_884,167.39804630025645,6,Male,800824-1000796,67.2368051817137
Student_885,174.09089832107634,2,Male,831216-1599783,65.76268695120997
Student_886,186.5044558105449,10,Male,911211-2123314,60.36961824716009
Student_887,154.57814183407447,3,Male,840411-2159137,79.36795483398845
Student_888,170.29073816475133,1,Female,831015-1977288,70.16213150367521
Student_889,154.05443989625712,8,Male,871116-1510878,72.01463136331073
Student_890,154.79765562400036,7,Female,950911-1896151,58.154066558452854
Student_891,167.01261514839015,3,Female,830715-1176409,63.49993710827176
Student_892,186.01534692287805,2,Male,831205-1653439,58.72622047445741
Student_893,172.46947376804798,2,Female,970311-1556339,46.25915779667658
Student_894,179.96539181951047,2,Male,861101-2900547,74.07264833016302
Student_895,186.60753236325576,9,Male,880228-1515607,51.03590155460581
Student_896,163.99376346944823,4,Female,941202-1715378,63.727286517429334
Student_897,164.974906028327,2,Female,980709-2341096,71.34951993173402
Student_898,181.6675013195673,6,Female,871008-2041044,88.0148512256687
Student_899,174.5276904222973,4,Female,810306-1837456,65.93771016300022
Student_900,171.39940674890926,10,Female,890407-1109994,47.036643425799895
Student_901,173.61554572171036,3,Male,871224-1237099,64.24759071717193
Student_902,159.61135485636777,12,Male,890722-2002078,84.90419493392363
Student_903,154.54351865609223,3,Female,980201-1078654,54.81549643521514
Student_904,152.64194971631022,5,Male,931111-1864375,47.50239678218914
Student_905,180.81099628585258,11,Female,820708-1567359,86.77969317308785
Student_906,189.84069626134956,4,Male,851116-2772434,62.85849330527535
Student_907,170.03486159511755,9,Female,920307-2893910,61.949224006832964
Student_908,153.57011929560872,1,Female,870903-1964043,47.26550904676776
Student_909,173.75226073573694,6,Female,990116-1570624,53.600745445471986
Student_910,175.5662338727936,2,Male,940402-2551417,51.70964454942393
Student_911,189.06476823137226,9,Female,800223-1846364,80.78879008537436
Student_912,182.85310279940643,9,Female,861212-2331067,77.77332686058955
Student_913,160.51869966941751,1,Male,990506-1141575,76.81756991121216
Student_914,180.9995364581943,2,Female,960821-2510426,60.01455607333308
Student_915,172.0406615763271,4,Male,920922-2644768,59.26262884953409
Student_916,155.92537763280257,12,Female,980205-2861983,46.73101734938186
Student_917,170.47399222447737,6,Female,960703-2920505,84.63034157493804
Student_918,168.17998598168168,4,Male,830304-1700930,57.87088219025831
Student_919,187.17982588345407,12,Male,860620-2284820,63.08057118629878
Student_920,169.75260986541733,10,Male,830219-1607890,65.0954257346803
Student_921,168.34605899322278,7,Male,880704-2130102,64.27283704683853
Student_922,175.08622235587683,5,Male,960501-2025041,80.92656262190725
Student_923,157.69766026272637,6,Female,910804-1446750,63.797354944086834
Student_924,187.43053913267457,11,Male,820508-1364231,60.9520589868518
Student_925,168.94335874931983,4,Female,840920-1548470,66.98720472700018
Student_926,174.7669857826859,1,Male,830616-2448998,73.01315255327421
Student_927,176.63288746245377,11,Female,821209-2379650,85.49657222676791
Student_928,180.9895765016496,1,Male,991107-2990433,61.50215236073875
Student_929,184.18194949988714,7,Male,930603-2727542,72.2869663279265
Student_930,151.6649485692045,2,Female,801208-2491107,65.27342692560212
Student_931,174.2876489773569,6,Male,820222-2085493,80.09105498532568
Student_932,171.28783213660307,1,Female,970317-1545292,88.46694565199934
Student_933,189.58577725325125,3,Male,920124-2821951,59.974410909330636
Student_934,167.07958143485445,5,Female,901224-1013557,46.228525627830415
Student_935,164.42016291158444,12,Male,960616-1377098,66.70888129226569
Student_936,174.13055197338784,2,Male,980917-1335009,75.53885728629498
Student_937,173.6764126546492,11,Female,990520-1161073,74.50157140611458
Student_938,156.198585089099,11,Male,840323-1955245,49.933627105913224
Student_939,187.677013631193,5,Male,840607-1891984,66.80384625254902
Student_940,171.7588498857173,10,Female,800728-1363388,84.96020909377636
Student_941,183.1423849248298,10,Female,990817-2874472,56.66425210537211
Student_942,176.5246708079349,10,Male,970621-1223880,89.52028456483563
Student_943,177.53949831023436,4,Male,911027-2975508,55.41151275909114
Student_944,179.52777970247865,5,Male,931026-2336998,71.84672376199464
Student_945,176.59357463863608,8,Male,960706-1469697,83.48054313997561
Student_946,158.99184640303423,8,Female,921024-1929605,86.94957240613054
Student_947,156.23470030262158,4,Female,920516-2969968,58.105343030066756
Student_948,166.54164766912868,6,Male,980512-1596734,47.62425226009623
Student_949,171.99669795273,11,Male,830501-2439912,48.182376191555925
Student_950,186.57432038900077,11,Male,921026-1312917,85.9448519152964
Student_951,151.73207696176826,11,Male,900908-2970152,68.51447822814448
Student_952,159.1244972525677,12,Male,931020-2070481,53.114228501223785
Student_953,160.7506618578243,4,Female,981005-1008930,76.59987198623206
Student_954,166.93941207220698,1,Female,931217-1811510,86.75254490825513
Student_955,177.19943421355134,11,Female,860211-1107692,56.31801066011033
Student_956,162.2173591003159,5,Male,990917-1800781,87.81719955508574
Student_957,175.54697837510884,4,Male,810617-2800399,67.10818226786384
Student_958,163.4024400855769,6,Male,881108-2783363,78.56723659181496
Student_959,171.5805503884079,10,Male,940225-1151586,58.56300931311921
Student_960,170.95141211004244,1,Female,831007-2284064,66.65740968055599
Student_961,166.25124042279037,8,Male,920319-1063658,48.61501100018257
Student_962,155.71292938108178,1,Male,870424-2171874,69.5691852057636
Student_963,170.51647168935133,9,Female,890715-2701038,64.38382769154379
Student_964,188.50507570488122,11,Female,950211-2537180,52.239704262415515
Student_965,159.07751646160426,8,Male,910612-2887067,80.29983739094973
Student_966,158.94289458041646,12,Female,810914-1308996,53.22331907472247
Student_967,188.66772984958249,11,Female,940915-2791586,60.48011539217488
Student_968,150.8260564016884,9,Female,841207-2875926,52.389476061012545
Student_969,165.89953521850762,9,Male,960422-1500630,79.61493298445643
Student_970,179.60002550351413,4,Male,980428-1679116,69.53503472995845
Student_971,151.07690917826983,3,Male,830113-1680940,75.1640153632813
Student_972,150.72877233338676,6,Female,910313-2259489,66.41321191630844
Student_973,166.05807880074732,1,Male,930805-2333980,60.35979878031767
Student_974,180.23093216706613,3,Female,890319-2730050,50.13161774328758
Student_975,173.36856541092516,11,Female,970716-2113407,65.39668834583817
Student_976,161.491354587708,1,Male,930808-1480745,68.7176633271288
Student_977,169.3517512059107,4,Female,830426-2861041,88.57907462218112
Student_978,188.29845068031574,2,Female,900421-2030462,66.04487068722973
Student_979,150.22819506745256,1,Female,850113-1451743,75.80908884950199
Student_980,178.93271113237978,5,Male,920519-1389995,48.29254719729093
Student_981,166.9386773288452,9,Female,821127-2224039,55.89719382842674
Student_982,184.2138561157156,12,Male,840620-1927477,85.42515624134663
Student_983,181.76111928682215,12,Female,920208-1108242,52.368647920289625
Student_984,161.26641598711277,9,Female,941017-1275045,74.5898569413235
Student_985,186.5578736473733,3,Male,830303-1531464,49.251250305196315
Student_986,161.9366084967971,11,Male,951220-2674260,45.041982202097884
Student_987,182.75160976386906,10,Male,970825-2719084,64.76741017843948
Student_988,186.4030392453184,1,Male,961206-2997700,52.0725978249925
Student_989,160.07669750538236,5,Male,930215-1458878,62.83481006874443
Student_990,173.67708228143567,1,Female,820527-2687737,60.01021122936487
Student_991,158.9499362143563,11,Female,841102-2545815,60.941687404759804
Student_992,172.02497005315263,4,Male,940626-2732340,75.00188936523747
Student_993,165.3068208906823,6,Male,860207-1091587,63.282154171293676
Student_994,172.10030996088886,10,Male,940924-2482328,49.81831779463771
Student_995,160.60451015214278,7,Male,901008-2897407,71.51946432127207
Student_996,173.60225246893148,1,Female,830124-1427306,62.440162413342904
Student_997,162.38718934941303,11,Female,910423-2128022,65.73271919911825
Student_998,168.8037525726385,3,Female,900512-1567072,79.7986270725357
Student_999,181.1179129535558,5,Female,990224-2701464,52.848721981212144
Student_1000,177.82906208097657,9,Female,920414-2411654,51.90264184675297
